<?xml version="1.0" encoding="UTF-8"?>
<project-private xmlns="http://www.netbeans.org/ns/project-private/1">
    <editor-bookmarks xmlns="http://www.netbeans.org/ns/editor-bookmarks/2" lastBookmarkId="0"/>
    <open-files xmlns="http://www.netbeans.org/ns/projectui-open-files/2">
        <group>
            <file>file:/C:/Users/bryanc/Documents/NetBeansProjects/HouseOfM/src/houseofm/HouseOfM.java</file>
            <file>file:/C:/Users/bryanc/Documents/NetBeansProjects/HouseOfM/src/houseofm/MFloors.java</file>
            <file>file:/C:/Users/bryanc/Documents/NetBeansProjects/HouseOfM/src/houseofm/MInitialize.java</file>
            <file>file:/C:/Users/bryanc/Documents/NetBeansProjects/HouseOfM/src/houseofm/MElevator.java</file>
            <file>file:/C:/Users/bryanc/Documents/NetBeansProjects/HouseOfM/src/houseofm/MSecondFloorExplore.java</file>
            <file>file:/C:/Users/bryanc/Documents/NetBeansProjects/HouseOfM/src/houseofm/MFirstFloorExplore.java</file>
        </group>
    </open-files>
</project-private>
